{"random_forest": {"rmse": 12.273433148299494}, "xgboost": {"rmse": 12.696008538862094}, "lightgbm": {"rmse": 12.691302208373706}, "catboost": {"rmse": 12.76306030332362}}